"Infinix SMART 7 (Azure Blue, 64 GB)
            
            (4 GB RAM)",0.3,4 GB RAM | 64 GB ROM | Expandable Upto 2 TB,16.76 cm (6.6 inch) HD+ Display,13MP + AI Lens | 5MP Front Camera,6000 mAh Battery,Unisoc Spreadtrum SC9863A1 Processor,7299.0
"Infinix SMART 7 (Night Black, 64 GB)
            
            (4 GB RAM)",0.3,4 GB RAM | 64 GB ROM | Expandable Upto 2 TB,16.76 cm (6.6 inch) HD+ Display,13MP + AI Lens | 5MP Front Camera,6000 mAh Battery,Unisoc Spreadtrum SC9863A1 Processor,7299.0
"Infinix SMART 7 (Emerald Green, 64 GB)
            
            (4 GB RAM)",0.3,4 GB RAM | 64 GB ROM | Expandable Upto 2 TB,16.76 cm (6.6 inch) HD+ Display,13MP + AI Lens | 5MP Front Camera,6000 mAh Battery,Unisoc Spreadtrum SC9863A1 Processor,7299.0
"SAMSUNG Galaxy F13 (Waterfall Blue, 128 GB)
            
            (4 GB RAM)",0.3,4 GB RAM | 128 GB ROM | Expandable Upto 1 TB,16.76 cm (6.6 inch) Full HD+ Display,50MP + 5MP + 2MP | 8MP Front Camera,6000 mAh Lithium Ion Battery,Exynos 850 Processor,10699.0
"SAMSUNG Galaxy F04 (Opal Green, 64 GB)
            
            (4 GB RAM)",0.2,4 GB RAM | 64 GB ROM | Expandable Upto 1 TB,16.51 cm (6.5 inch) HD Display,13MP + 2MP | 5MP Front Camera,5000 mAh Lithium-Ion Battery,Mediatek Helio P35 Processor,7299.0
"Infinix HOT 30i (Glacier Blue, 128 GB)
            
            (8 GB RAM)",0.3,8 GB RAM | 128 GB ROM | Expandable Upto 1 TB,16.76 cm (6.6 inch) HD+ Display,50MP + AI Lens | 5MP Front Camera,5000 mAh Battery,G37 Processor,8999.0
"Infinix HOT 30i (Glacier Blue, 64 GB)
            
            (4 GB RAM)",0.3,4 GB RAM | 64 GB ROM | Expandable Upto 1 TB,16.76 cm (6.6 inch) HD+ Display,50MP + AI Lens | 5MP Front Camera,5000 mAh Battery,G37 Processor,7999.0
"Infinix HOT 30i (Mirror Black, 64 GB)
            
            (4 GB RAM)",0.3,4 GB RAM | 64 GB ROM | Expandable Upto 1 TB,16.76 cm (6.6 inch) HD+ Display,50MP + AI Lens | 5MP Front Camera,5000 mAh Battery,G37 Processor,7999.0
"Infinix HOT 30i (Diamond White, 64 GB)
            
            (4 GB RAM)",0.3,4 GB RAM | 64 GB ROM | Expandable Upto 1 TB,16.76 cm (6.6 inch) HD+ Display,50MP + AI Lens | 5MP Front Camera,5000 mAh Battery,G37 Processor,7999.0
"Infinix HOT 30i (Marigold, 128 GB)
            
            (8 GB RAM)",0.3,8 GB RAM | 128 GB ROM | Expandable Upto 1 TB,16.76 cm (6.6 inch) HD+ Display,50MP + AI Lens | 5MP Front Camera,5000 mAh Battery,G37 Processor,8999.0
"Infinix HOT 30i (Diamond White, 128 GB)
            
            (8 GB RAM)",0.3,8 GB RAM | 128 GB ROM | Expandable Upto 1 TB,16.76 cm (6.6 inch) HD+ Display,50MP + AI Lens | 5MP Front Camera,5000 mAh Battery,G37 Processor,8999.0
"Infinix HOT 30i (Mirror Black, 128 GB)
            
            (8 GB RAM)",0.3,8 GB RAM | 128 GB ROM | Expandable Upto 1 TB,16.76 cm (6.6 inch) HD+ Display,50MP + AI Lens | 5MP Front Camera,5000 mAh Battery,G37 Processor,8999.0
"Infinix HOT 30i (Marigold, 64 GB)
            
            (4 GB RAM)",0.3,4 GB RAM | 64 GB ROM | Expandable Upto 1 TB,16.76 cm (6.6 inch) HD+ Display,50MP + AI Lens | 5MP Front Camera,5000 mAh Battery,G37 Processor,7999.0
"Infinix Smart 7 HD (Green Apple, 64 GB)
            
            (2 GB RAM)",0.4,2 GB RAM | 64 GB ROM | Expandable Upto 1 TB,16.76 cm (6.6 inch) HD+ Display,8MP + AI Lens | 5MP Front Camera,5000 mAh Battery,"Spreadtrum 
SC9863A1 Processor",6199.0
"POCO C50 (Royal Blue, 32 GB)
            
            (2 GB RAM)",0.2,2 GB RAM | 32 GB ROM | Expandable Upto 512 GB,16.56 cm (6.52 inch) HD+ Display,8MP Dual Camera | 5MP Front Camera,5000 mAh Lithium Polymer Battery,"Mediatek Helio A22 Processor, Upto 2.0 GHz Processor",5649.0
"MOTOROLA G32 (Mineral Gray, 128 GB)
            
            (8 GB RAM)",0.1,8 GB RAM | 128 GB ROM,16.64 cm (6.55 inch) Full HD+ Display,50MP + 8MP + 2MP | 16MP Front Camera,5000 mAh Battery,Qualcomm Snapdragon 680 Processor,11999.0
"POCO C51 (Royal Blue, 64 GB)
            
            (4 GB RAM)",0.3,4 GB RAM | 64 GB ROM | Expandable Upto 1 TB,16.56 cm (6.52 inch) HD+ Display,8MP Dual Rear Camera | 5MP Front Camera,5000 mAh Battery,Helio G36 Processor,6999.0
"POCO C50 (Country Green, 32 GB)
            
            (2 GB RAM)",0.2,2 GB RAM | 32 GB ROM | Expandable Upto 512 GB,16.56 cm (6.52 inch) HD+ Display,8MP Dual Camera | 5MP Front Camera,5000 mAh Lithium Polymer Battery,"Mediatek Helio A22 Processor, Upto 2.0 GHz Processor",5649.0
"POCO C51 (Power Black, 64 GB)
            
            (4 GB RAM)",0.3,4 GB RAM | 64 GB ROM | Expandable Upto 1 TB,16.56 cm (6.52 inch) HD+ Display,8MP Dual Rear Camera | 5MP Front Camera,5000 mAh Battery,Helio G36 Processor,6999.0
"REDMI 10 (Shadow Black, 64 GB)
            
            (4 GB RAM)",0.3,4 GB RAM | 64 GB ROM | Expandable Upto 1 TB,17.02 cm (6.7 inch) HD+ Display,50MP + 2MP | 5MP Front Camera,6000 mAh Lithium Polymer Battery,Qualcomm Snapdragon 680 Processor,9499.0
"SAMSUNG Galaxy F13 (Nightsky Green, 64 GB)
            
            (4 GB RAM)",0.3,4 GB RAM | 64 GB ROM | Expandable Upto 1 TB,16.76 cm (6.6 inch) Full HD+ Display,50MP + 5MP + 2MP | 8MP Front Camera,6000 mAh Lithium Ion Battery,Exynos 850 Processor,9699.0
"POCO C55 (Cool Blue, 64 GB)
            
            (4 GB RAM)",0.2,4 GB RAM | 64 GB ROM | Expandable Upto 1 TB,17.04 cm (6.71 inch) HD+ Display,50MP Dual Rear Camera | 5MP Front Camera,5000 mAh Battery,Mediatek Helio G85 Processor,7749.0
"vivo T2x 5G (Aurora Gold, 128 GB)
            
            (4 GB RAM)",0.5,4 GB RAM | 128 GB ROM,16.71 cm (6.58 inch) Full HD+ Display,50MP + 2MP | 8MP Front Camera,5000 mAh Battery,Dimensity 6020 Processor,12999.0
"vivo T2x 5G (Aurora Gold, 128 GB)
            
            (6 GB RAM)",0.4,6 GB RAM | 128 GB ROM,16.71 cm (6.58 inch) Full HD+ Display,50MP + 2MP | 8MP Front Camera,5000 mAh Battery,Dimensity 6020 Processor,13999.0
"POCO C55 (Cool Blue, 64 GB)
            
            (4 GB RAM)",0.2,4 GB RAM | 64 GB ROM | Expandable Upto 1 TB,17.04 cm (6.71 inch) HD+ Display,50MP Dual Rear Camera | 5MP Front Camera,5000 mAh Battery,Mediatek Helio G85 Processor,7749.0
"POCO C55 (Power Black, 64 GB)
            
            (4 GB RAM)",0.2,4 GB RAM | 64 GB ROM | Expandable Upto 1 TB,17.04 cm (6.71 inch) HD+ Display,50MP Dual Rear Camera | 5MP Front Camera,5000 mAh Battery,Mediatek Helio G85 Processor,7749.0
"vivo T2x 5G (Glimmer Black, 128 GB)
            
            (8 GB RAM)",0.4,8 GB RAM | 128 GB ROM,16.71 cm (6.58 inch) Full HD+ Display,50MP + 2MP | 8MP Front Camera,5000 mAh Battery,Dimensity 6020 Processor,15999.0
"vivo T2x 5G (Marine Blue, 128 GB)
            
            (6 GB RAM)",0.4,6 GB RAM | 128 GB ROM,16.71 cm (6.58 inch) Full HD+ Display,50MP + 2MP | 8MP Front Camera,5000 mAh Battery,Dimensity 6020 Processor,13999.0
"vivo T2x 5G (Aurora Gold, 128 GB)
            
            (8 GB RAM)",0.4,8 GB RAM | 128 GB ROM,16.71 cm (6.58 inch) Full HD+ Display,50MP + 2MP | 8MP Front Camera,5000 mAh Battery,Dimensity 6020 Processor,15999.0
"vivo T2x 5G (Marine Blue, 128 GB)
            
            (4 GB RAM)",0.5,4 GB RAM | 128 GB ROM,16.71 cm (6.58 inch) Full HD+ Display,50MP + 2MP | 8MP Front Camera,5000 mAh Battery,Dimensity 6020 Processor,12999.0
"vivo T2x 5G (Glimmer Black, 128 GB)
            
            (4 GB RAM)",0.5,4 GB RAM | 128 GB ROM,16.71 cm (6.58 inch) Full HD+ Display,50MP + 2MP | 8MP Front Camera,5000 mAh Battery,Dimensity 6020 Processor,12999.0
"POCO C55 (Forest Green, 64 GB)
            
            (4 GB RAM)",0.2,4 GB RAM | 64 GB ROM | Expandable Upto 1 TB,17.04 cm (6.71 inch) HD+ Display,50MP Dual Rear Camera | 5MP Front Camera,5000 mAh Battery,Mediatek Helio G85 Processor,7749.0
"SAMSUNG Galaxy F13 (Nightsky Green, 128 GB)
            
            (4 GB RAM)",0.3,4 GB RAM | 128 GB ROM | Expandable Upto 1 TB,16.76 cm (6.6 inch) Full HD+ Display,50MP + 5MP + 2MP | 8MP Front Camera,6000 mAh Lithium Ion Battery,Exynos 850 Processor,10699.0
"POCO C55 (Cool Blue, 128 GB)
            
            (6 GB RAM)",0.1,6 GB RAM | 128 GB ROM | Expandable Upto 1 TB,17.04 cm (6.71 inch) HD+ Display,50MP Dual Rear Camera | 5MP Front Camera,5000 mAh Battery,Mediatek Helio G85 Processor,9249.0
"MOTOROLA g13 (Matte Charcoal, 128 GB)
            
            (4 GB RAM)",0.9,4 GB RAM | 128 GB ROM | Expandable Upto 1 TB,16.51 cm (6.5 inch) HD+ Display,50MP + 2MP + 2MP | 8MP Front Camera,5000 mAh Battery,Helio G85 Processor,9999.0
"REDMI 10 (Caribbean Green, 128 GB)
            
            (6 GB RAM)",0.2,6 GB RAM | 128 GB ROM | Expandable Upto 1 TB,17.02 cm (6.7 inch) HD+ Display,50MP + 2MP | 5MP Front Camera,6000 mAh Lithium Polymer Battery,Qualcomm Snapdragon 680 Processor,10999.0
"MOTOROLA e32 (Eco Black, 64 GB)
            
            (4 GB RAM)",0.9,4 GB RAM | 64 GB ROM | Expandable Upto 1 TB,16.51 cm (6.5 inch) HD+ Display,50MP + 2MP | 8MP Front Camera,5000 mAh Battery,Mediatek Helio G37 Processor,7999.0
"MOTOROLA G32 (Satin Silver, 128 GB)
            
            (8 GB RAM)",0.1,8 GB RAM | 128 GB ROM,16.64 cm (6.55 inch) Full HD+ Display,50MP + 8MP + 2MP | 16MP Front Camera,5000 mAh Battery,Qualcomm Snapdragon 680 Processor,11999.0
"REDMI 10 (Sunrise Orange, 64 GB)
            
            (4 GB RAM)",0.3,4 GB RAM | 64 GB ROM | Expandable Upto 1 TB,17.02 cm (6.7 inch) HD+ Display,50MP + 2MP | 5MP Front Camera,6000 mAh Lithium Polymer Battery,Qualcomm Snapdragon 680 Processor,9499.0
"POCO M4 5G (Cool Blue, 64 GB)
            
            (4 GB RAM)",0.2,4 GB RAM | 64 GB ROM | Expandable Upto 512 GB,16.71 cm (6.58 inch) Full HD+ Display,50MP + 2MP | 8MP Front Camera,5000 mAh Lithium Ion Polymer Battery,Mediatek Dimensity 700 Processor,11999.0
"SAMSUNG Galaxy F13 (Nightsky Green, 64 GB)
            
            (4 GB RAM)",0.3,4 GB RAM | 64 GB ROM | Expandable Upto 1 TB,16.76 cm (6.6 inch) Full HD+ Display,50MP + 5MP + 2MP | 8MP Front Camera,6000 mAh Lithium Ion Battery,Exynos 850 Processor,9699.0
"MOTOROLA e32 (Arctic Blue, 64 GB)
            
            (4 GB RAM)",0.9,4 GB RAM | 64 GB ROM | Expandable Upto 1 TB,16.51 cm (6.5 inch) HD+ Display,50MP + 2MP | 8MP Front Camera,5000 mAh Battery,Mediatek Helio G37 Processor,7999.0
"SAMSUNG Galaxy F13 (Sunrise Copper, 128 GB)
            
            (4 GB RAM)",0.3,4 GB RAM | 128 GB ROM | Expandable Upto 1 TB,16.76 cm (6.6 inch) Full HD+ Display,50MP + 5MP + 2MP | 8MP Front Camera,6000 mAh Lithium Ion Battery,Exynos 850 Processor,10699.0
"MOTOROLA g13 (Lavender Blue, 128 GB)
            
            (4 GB RAM)",0.9,4 GB RAM | 128 GB ROM | Expandable Upto 1 TB,16.51 cm (6.5 inch) HD+ Display,50MP + 2MP + 2MP | 8MP Front Camera,5000 mAh Battery,Helio G85 Processor,9999.0
"SAMSUNG Galaxy F04 (Jade Purple, 64 GB)
            
            (4 GB RAM)",0.2,4 GB RAM | 64 GB ROM | Expandable Upto 1 TB,16.51 cm (6.5 inch) HD Display,13MP + 2MP | 5MP Front Camera,5000 mAh Lithium-Ion Battery,Mediatek Helio P35 Processor,7299.0
"SAMSUNG Galaxy F13 (Waterfall Blue, 64 GB)
            
            (4 GB RAM)",0.3,4 GB RAM | 64 GB ROM | Expandable Upto 1 TB,16.76 cm (6.6 inch) Full HD+ Display,50MP + 5MP + 2MP | 8MP Front Camera,6000 mAh Lithium Ion Battery,Exynos 850 Processor,9699.0
"POCO C55 (Power Black, 128 GB)
            
            (6 GB RAM)",0.1,6 GB RAM | 128 GB ROM | Expandable Upto 1 TB,17.04 cm (6.71 inch) HD+ Display,50MP Dual Rear Camera | 5MP Front Camera,5000 mAh Battery,Mediatek Helio G85 Processor,9249.0
"MOTOROLA G62 5G (Frosted Blue, 128 GB)
            
            (6 GB RAM)",0.1,6 GB RAM | 128 GB ROM,16.64 cm (6.55 inch) Full HD+ Display,50MP + 8MP + 2MP | 16MP Front Camera,5000 mAh Lithium Polymer Battery,Qualcomm Snapdragon 695 5G Processor,15499.0
"POCO M5 (Yellow, 64 GB)
            
            (4 GB RAM)",0.2,4 GB RAM | 64 GB ROM | Expandable Upto 512 GB,16.71 cm (6.58 inch) Full HD+ Display,50MP + 2MP Depth Sensor + 2MP Macro Sensor | 8MP Front Camera,5000 mAh Lithium-ion Polymer Battery,Mediatek Helio G99 Processor,8999.0
"vivo T2 5G (Nitro Blaze, 128 GB)
            
            (6 GB RAM)",0.5,6 GB RAM | 128 GB ROM,16.21 cm (6.38 inch) Full HD+ Display,64 MP (OIS) + 2MP | 16MP Front Camera,4500 mAh Battery,Snapdragon 695 Processor,18999.0
"vivo T2 5G (Velocity Wave, 128 GB)
            
            (8 GB RAM)",0.4,8 GB RAM | 128 GB ROM,16.21 cm (6.38 inch) Full HD+ Display,64 MP (OIS) + 2MP | 16MP Front Camera,4500 mAh Battery,Snapdragon 695 Processor,20999.0
"vivo T2 5G (Velocity Wave, 128 GB)
            
            (6 GB RAM)",0.5,6 GB RAM | 128 GB ROM,16.21 cm (6.38 inch) Full HD+ Display,64 MP (OIS) + 2MP | 16MP Front Camera,4500 mAh Battery,Snapdragon 695 Processor,18999.0
"vivo T2 5G (Nitro Blaze, 128 GB)
            
            (8 GB RAM)",0.4,8 GB RAM | 128 GB ROM,16.21 cm (6.38 inch) Full HD+ Display,64 MP (OIS) + 2MP | 16MP Front Camera,4500 mAh Battery,Snapdragon 695 Processor,20999.0
"POCO M5 (Power Black, 64 GB)
            
            (4 GB RAM)",0.2,4 GB RAM | 64 GB ROM | Expandable Upto 512 GB,16.71 cm (6.58 inch) Full HD+ Display,50MP + 2MP Depth Sensor + 2MP Macro Sensor | 8MP Front Camera,5000 mAh Lithium-ion Polymer Battery,Mediatek Helio G99 Processor,8999.0
"POCO M4 5G (Power Black, 64 GB)
            
            (4 GB RAM)",0.2,4 GB RAM | 64 GB ROM | Expandable Upto 512 GB,16.71 cm (6.58 inch) Full HD+ Display,50MP + 2MP | 8MP Front Camera,5000 mAh Lithium Ion Polymer Battery,Mediatek Dimensity 700 Processor,11999.0
"MOTOROLA G62 5G (Midnight Gray, 128 GB)
            
            (6 GB RAM)",0.1,6 GB RAM | 128 GB ROM,16.64 cm (6.55 inch) Full HD+ Display,50MP + 8MP + 2MP | 16MP Front Camera,5000 mAh Lithium Polymer Battery,Qualcomm Snapdragon 695 5G Processor,15499.0
"POCO C55 (Forest Green, 128 GB)
            
            (6 GB RAM)",0.1,6 GB RAM | 128 GB ROM | Expandable Upto 1 TB,17.04 cm (6.71 inch) HD+ Display,50MP Dual Rear Camera | 5MP Front Camera,5000 mAh Battery,Mediatek Helio G85 Processor,9249.0
"realme C33 2023 (Aqua Blue, 128 GB)
            
            (4 GB RAM)",0.4,4 GB RAM | 128 GB ROM | Expandable Upto 1 TB,16.51 cm (6.5 inch) HD+ Display,50MP + 0.3MP | 5MP Front Camera,5000 mAh Lithium Ion Battery,Unisoc T612 Processor,10499.0
"realme C33 2023 (Sandy Gold, 128 GB)
            
            (4 GB RAM)",0.4,4 GB RAM | 128 GB ROM | Expandable Upto 1 TB,16.51 cm (6.5 inch) HD+ Display,50MP + 0.3MP | 5MP Front Camera,5000 mAh Lithium Ion Battery,Unisoc T612 Processor,10499.0
"realme C33 2023 (Night Sea, 128 GB)
            
            (4 GB RAM)",0.4,4 GB RAM | 128 GB ROM | Expandable Upto 1 TB,16.51 cm (6.5 inch) HD+ Display,50MP + 0.3MP | 5MP Front Camera,5000 mAh Lithium Ion Battery,Unisoc T612 Processor,10499.0
"SAMSUNG Galaxy F13 (Sunrise Copper, 64 GB)
            
            (4 GB RAM)",0.3,4 GB RAM | 64 GB ROM | Expandable Upto 1 TB,16.76 cm (6.6 inch) Full HD+ Display,50MP + 5MP + 2MP | 8MP Front Camera,6000 mAh Lithium Ion Battery,Exynos 850 Processor,9699.0
"realme C30 (Bamboo Green, 32 GB)
            
            (3 GB RAM)",0.1,3 GB RAM | 32 GB ROM | Expandable Upto 1 TB,16.51 cm (6.5 inch) HD+ Display,8MP Rear Camera | 5MP Front Camera,5000 mAh Lithium Ion Battery,Unisoc T612 Processor,6499.0
"realme C30 (Lake Blue, 32 GB)
            
            (3 GB RAM)",0.1,3 GB RAM | 32 GB ROM | Expandable Upto 1 TB,16.51 cm (6.5 inch) HD+ Display,8MP Rear Camera | 5MP Front Camera,5000 mAh Lithium Ion Battery,Unisoc T612 Processor,6499.0
"realme C30 (Denim Black, 32 GB)
            
            (2 GB RAM)",0.2,2 GB RAM | 32 GB ROM | Expandable Upto 1 TB,16.51 cm (6.5 inch) HD+ Display,8MP Rear Camera | 5MP Front Camera,5000 mAh Lithium Ion Battery,Unisoc T612 Processor,5999.0
"OnePlus Nord CE 2 Lite 5G (Blue Tide, 128 GB)
            
            (6 GB RAM)",0.4,6 GB RAM | 128 GB ROM,16.74 cm (6.59 inch) Display,64MP Rear Camera,5000 mAh Battery,17999.0
"SAMSUNG Galaxy F14 5G (GOAT Green, 128 GB)
            
            (6 GB RAM)",0.2,6 GB RAM | 128 GB ROM | Expandable Upto 1 TB,16.76 cm (6.6 inch) Full HD+ Display,50MP + 2MP | 13MP Front Camera,6000 mAh Battery,"Exynos 1330, Octa Core Processor",14490.0
"realme C30 (Denim Black, 32 GB)
            
            (3 GB RAM)",0.1,3 GB RAM | 32 GB ROM | Expandable Upto 1 TB,16.51 cm (6.5 inch) HD+ Display,8MP Rear Camera | 5MP Front Camera,5000 mAh Lithium Ion Battery,Unisoc T612 Processor,6499.0
"REDMI 11 Prime (Flashy Black, 64 GB)
            
            (4 GB RAM)",0.4,4 GB RAM | 64 GB ROM | Expandable Upto 512 GB,16.71 cm (6.58 inch) Full HD+ Display,50MP + 2MP + 2MP | 8MP Front Camera,5000 mAh Battery,Helio G99 Processor,9999.0
"REDMI A1+ (Light Blue, 32 GB)
            
            (2 GB RAM)",0.2,2 GB RAM | 32 GB ROM | Expandable Upto 512 GB,16.56 cm (6.52 inch) HD+ Display,8MP Rear Camera | 5MP Front Camera,5000 mAh Lithium Polymer Battery,Mediatek Helio A22 Processor,6299.0
"SAMSUNG Galaxy F14 5G (B.A.E. Purple, 128 GB)
            
            (6 GB RAM)",0.2,6 GB RAM | 128 GB ROM | Expandable Upto 1 TB,16.76 cm (6.6 inch) Full HD+ Display,50MP + 2MP | 13MP Front Camera,6000 mAh Battery,"Exynos 1330, Octa Core Processor",14490.0
"POCO M4 Pro (Yellow, 128 GB)
            
            (8 GB RAM)",0.2,8 GB RAM | 128 GB ROM | Expandable Upto 1 TB,16.33 cm (6.43 inch) Full HD+ AMOLED Display,64MP + 8MP + 2MP | 16MP Front Camera,5000 mAh Lithium-ion Polymer Battery,Mediatek Helio G96 Processor,13999.0
"POCO X5 5G (Jaguar Black, 128 GB)
            
            (6 GB RAM)",0.1,6 GB RAM | 128 GB ROM | Expandable Upto 1 TB,16.94 cm (6.67 inch) Full HD+ Display,48MP + 8MP + 2MP | 13MP Front Camera,5000 mAh Battery,Qualcomm Snapdragon 695 Processor,15999.0
"POCO X5 5G (Wildcat Blue, 128 GB)
            
            (6 GB RAM)",0.1,6 GB RAM | 128 GB ROM | Expandable Upto 1 TB,16.94 cm (6.67 inch) Full HD+ Display,48MP + 8MP + 2MP | 13MP Front Camera,5000 mAh Battery,Qualcomm Snapdragon 695 Processor,15999.0
"realme C55 (Rainy Night, 128 GB)
            
            (8 GB RAM)",0.4,8 GB RAM | 128 GB ROM | Expandable Upto 1 TB,17.07 cm (6.72 inch) Full HD+ Display,64MP + 2MP | 8MP Front Camera,5000 mAh Battery,Helio G88 Processor,13999.0
"realme C55 (Rainforest, 128 GB)
            
            (8 GB RAM)",0.4,8 GB RAM | 128 GB ROM | Expandable Upto 1 TB,17.07 cm (6.72 inch) Full HD+ Display,64MP + 2MP | 8MP Front Camera,5000 mAh Battery,Helio G88 Processor,13999.0
"realme C55 (Sunshower, 64 GB)
            
            (6 GB RAM)",0.3,6 GB RAM | 64 GB ROM | Expandable Upto 1 TB,17.07 cm (6.72 inch) Full HD+ Display,64MP + 2MP | 8MP Front Camera,5000 mAh Battery,Helio G88 Processor,11999.0
"realme C55 (Sunshower, 128 GB)
            
            (8 GB RAM)",0.4,8 GB RAM | 128 GB ROM | Expandable Upto 1 TB,17.07 cm (6.72 inch) Full HD+ Display,64MP + 2MP | 8MP Front Camera,5000 mAh Battery,Helio G88 Processor,13999.0
"realme C55 (Rainforest, 64 GB)
            
            (6 GB RAM)",0.3,6 GB RAM | 64 GB ROM | Expandable Upto 1 TB,17.07 cm (6.72 inch) Full HD+ Display,64MP + 2MP | 8MP Front Camera,5000 mAh Battery,Helio G88 Processor,11999.0
"realme C55 (Rainy Night, 64 GB)
            
            (6 GB RAM)",0.3,6 GB RAM | 64 GB ROM | Expandable Upto 1 TB,17.07 cm (6.72 inch) Full HD+ Display,64MP + 2MP | 8MP Front Camera,5000 mAh Battery,Helio G88 Processor,11999.0
"realme C55 (Sunshower, 64 GB)
            
            (4 GB RAM)",0.4,4 GB RAM | 64 GB ROM | Expandable Upto 1 TB,17.07 cm (6.72 inch) Full HD+ Display,64MP + 2MP | 8MP Front Camera,5000 mAh Battery,Helio G88 Processor,10999.0
"realme C55 (Rainy Night, 64 GB)
            
            (4 GB RAM)",0.4,4 GB RAM | 64 GB ROM | Expandable Upto 1 TB,17.07 cm (6.72 inch) Full HD+ Display,64MP + 2MP | 8MP Front Camera,5000 mAh Battery,Helio G88 Processor,10999.0
"realme C55 (Rainforest, 64 GB)
            
            (4 GB RAM)",0.4,4 GB RAM | 64 GB ROM | Expandable Upto 1 TB,17.07 cm (6.72 inch) Full HD+ Display,64MP + 2MP | 8MP Front Camera,5000 mAh Battery,Helio G88 Processor,10999.0
"REDMI 11 Prime (Peppy Purple, 64 GB)
            
            (4 GB RAM)",0.4,4 GB RAM | 64 GB ROM | Expandable Upto 512 GB,16.71 cm (6.58 inch) Full HD+ Display,50MP + 2MP + 2MP | 8MP Front Camera,5000 mAh Battery,Helio G99 Processor,9999.0
"REDMI 10 (Caribbean Green, 64 GB)
            
            (4 GB RAM)",0.3,4 GB RAM | 64 GB ROM | Expandable Upto 1 TB,17.02 cm (6.7 inch) HD+ Display,50MP + 2MP | 5MP Front Camera,6000 mAh Lithium Polymer Battery,Qualcomm Snapdragon 680 Processor,9499.0
"POCO M5 (Icy Blue, 64 GB)
            
            (4 GB RAM)",0.2,4 GB RAM | 64 GB ROM | Expandable Upto 512 GB,16.71 cm (6.58 inch) Full HD+ Display,50MP + 2MP Depth Sensor + 2MP Macro Sensor | 8MP Front Camera,5000 mAh Lithium-ion Polymer Battery,Mediatek Helio G99 Processor,8999.0
"OnePlus Nord CE 2 Lite 5G (Black Dusk, 128 GB)
            
            (6 GB RAM)",0.4,6 GB RAM | 128 GB ROM,16.74 cm (6.59 inch) Display,64MP Rear Camera,5000 mAh Battery,17950.0
"SAMSUNG Galaxy F14 5G (B.A.E. Purple, 128 GB)
            
            (4 GB RAM)",0.2,4 GB RAM | 128 GB ROM | Expandable Upto 1 TB,16.76 cm (6.6 inch) Full HD+ Display,50MP + 2MP | 13MP Front Camera,6000 mAh Battery,"Exynos 1330, Octa Core Processor",13490.0
"POCO M5 (Icy Blue, 128 GB)
            
            (6 GB RAM)",0.2,6 GB RAM | 128 GB ROM | Expandable Upto 512 GB,16.71 cm (6.58 inch) Full HD+ Display,50MP + 2MP Depth Sensor + 2MP Macro Sensor | 8MP Front Camera,5000 mAh Lithium-ion Polymer Battery,Mediatek Helio G99 Processor,10999.0
"POCO M5 (Icy Blue, 128 GB)
            
            (6 GB RAM)",0.2,6 GB RAM | 128 GB ROM | Expandable Upto 512 GB,16.71 cm (6.58 inch) Full HD+ Display,50MP + 2MP Depth Sensor + 2MP Macro Sensor | 8MP Front Camera,5000 mAh Lithium-ion Polymer Battery,Mediatek Helio G99 Processor,10999.0
"POCO M4 5G (Yellow, 128 GB)
            
            (6 GB RAM)",0.2,6 GB RAM | 128 GB ROM | Expandable Upto 512 GB,16.71 cm (6.58 inch) Full HD+ Display,50MP + 2MP | 8MP Front Camera,5000 mAh Lithium Ion Polymer Battery,Mediatek Dimensity 700 Processor,13999.0
"SAMSUNG Galaxy F23 5G (Aqua Blue, 128 GB)
            
            (6 GB RAM)",0.3,6 GB RAM | 128 GB ROM | Expandable Upto 1 TB,16.76 cm (6.6 inch) Full HD+ Display,50MP + 8MP + 2MP | 8MP Front Camera,5000 mAh Lithium Ion Battery,Qualcomm Snapdragon 750G Processor,16999.0
"SAMSUNG Galaxy F14 5G (B.A.E. Purple, 128 GB)
            
            (4 GB RAM)",0.2,4 GB RAM | 128 GB ROM | Expandable Upto 1 TB,16.76 cm (6.6 inch) Full HD+ Display,50MP + 2MP | 13MP Front Camera,6000 mAh Battery,"Exynos 1330, Octa Core Processor",13490.0
"MOTOROLA g73 5G (Lucent White, 128 GB)
            
            (8 GB RAM)",0.9,8 GB RAM | 128 GB ROM | Expandable Upto 1 TB,16.51 cm (6.5 inch) Full HD+ Display,50MP + 8MP | 16MP Front Camera,5000 mAh Battery,Mediatek Dimensity 930 Processor,16999.0
"Infinix Smart 7 HD (Silk Blue, 64 GB)
            
            (2 GB RAM)",0.4,2 GB RAM | 64 GB ROM | Expandable Upto 1 TB,16.76 cm (6.6 inch) HD+ Display,8MP + AI Lens | 5MP Front Camera,5000 mAh Battery,"Spreadtrum 
SC9863A1 Processor",6199.0
"Infinix Smart 7 HD (Jade White, 64 GB)
            
            (2 GB RAM)",0.4,2 GB RAM | 64 GB ROM | Expandable Upto 1 TB,16.76 cm (6.6 inch) HD+ Display,8MP + AI Lens | 5MP Front Camera,5000 mAh Battery,Spreadtrum SC9863A1 Processor,6199.0
"Infinix Smart 7 HD (Ink Black, 64 GB)
            
            (2 GB RAM)",0.4,2 GB RAM | 64 GB ROM | Expandable Upto 1 TB,16.76 cm (6.6 inch) HD+ Display,8MP + AI Lens | 5MP Front Camera,5000 mAh Battery,"Spreadtrum 
SC9863A1 Processor",6199.0
"Micromax J22
            
            (Ocean Green)",0.9,32 MB RAM | 32 MB ROM,6.1 cm (2.4 inch) Display,1000 mAh Battery,1132.0
"SAMSUNG Galaxy F14 5G (OMG Black, 128 GB)
            
            (4 GB RAM)",0.2,4 GB RAM | 128 GB ROM | Expandable Upto 1 TB,16.76 cm (6.6 inch) Full HD+ Display,50MP + 2MP | 13MP Front Camera,6000 mAh Battery,"Exynos 1330, Octa Core Processor",13490.0
"POCO M5 (Power Black, 128 GB)
            
            (6 GB RAM)",0.2,6 GB RAM | 128 GB ROM | Expandable Upto 512 GB,16.71 cm (6.58 inch) Full HD+ Display,50MP + 2MP Depth Sensor + 2MP Macro Sensor | 8MP Front Camera,5000 mAh Lithium-ion Polymer Battery,Mediatek Helio G99 Processor,10999.0
"SAMSUNG Galaxy F14 5G (GOAT Green, 128 GB)
            
            (4 GB RAM)",0.2,4 GB RAM | 128 GB ROM | Expandable Upto 1 TB,16.76 cm (6.6 inch) Full HD+ Display,50MP + 2MP | 13MP Front Camera,6000 mAh Battery,"Exynos 1330, Octa Core Processor",13490.0
"realme 10 Pro 5G (Dark Matter, 128 GB)
            
            (8 GB RAM)",0.3,8 GB RAM | 128 GB ROM | Expandable Upto 1 TB,17.07 cm (6.72 inch) Full HD+ Display,108MP + 2MP | 16MP Front Camera,5000 mAh Battery,Qualcomm Snapdragon 695 5G Processor,19999.0
"realme 10 Pro 5G (Nebula Blue, 128 GB)
            
            (6 GB RAM)",0.3,6 GB RAM | 128 GB ROM | Expandable Upto 1 TB,17.07 cm (6.72 inch) Full HD+ Display,108MP + 2MP | 16MP Front Camera,5000 mAh Battery,Qualcomm Snapdragon 695 5G Processor,18999.0
"REDMI 10 (Pacific Blue, 128 GB)
            
            (6 GB RAM)",0.2,6 GB RAM | 128 GB ROM | Expandable Upto 1 TB,17.02 cm (6.7 inch) HD+ Display,50MP + 2MP | 5MP Front Camera,6000 mAh Lithium Polymer Battery,Qualcomm Snapdragon 680 Processor,10999.0
"POCO M4 Pro 5G (Yellow, 128 GB)
            
            (8 GB RAM)",0.2,8 GB RAM | 128 GB ROM | Expandable Upto 1 TB,16.76 cm (6.6 inch) Full HD+ Display,50MP + 8MP | 16MP Front Camera,5000 mAh Lithium-ion Polymer Battery,Mediatek Dimensity 810 Processor,15999.0
"Micromax J22
            
            (Purple)",0.9,32 MB RAM | 32 MB ROM,6.1 cm (2.4 inch) Display,1000 mAh Battery,1155.0
"APPLE iPhone 14 (Midnight, 128 GB)",0.6,128 GB ROM,15.49 cm (6.1 inch) Super Retina XDR Display,12MP + 12MP | 12MP Front Camera,"A15 Bionic Chip, 6 Core Processor Processor",69999.0
"realme 10 Pro 5G (Hyperspace, 128 GB)
            
            (8 GB RAM)",0.3,8 GB RAM | 128 GB ROM | Expandable Upto 1 TB,17.07 cm (6.72 inch) Full HD+ Display,108MP + 2MP | 16MP Front Camera,5000 mAh Battery,Qualcomm Snapdragon 695 5G Processor,19999.0
"realme 10 Pro 5G (Nebula Blue, 128 GB)
            
            (8 GB RAM)",0.3,8 GB RAM | 128 GB ROM | Expandable Upto 1 TB,17.07 cm (6.72 inch) Full HD+ Display,108MP + 2MP | 16MP Front Camera,5000 mAh Battery,Qualcomm Snapdragon 695 5G Processor,19999.0
"REDMI 10 (Midnight Black, 64 GB)
            
            (4 GB RAM)",0.3,4 GB RAM | 64 GB ROM | Expandable Upto 1 TB,17.02 cm (6.7 inch) HD+ Display,50MP + 2MP | 5MP Front Camera,6000 mAh Lithium Polymer Battery,Qualcomm Snapdragon 680 Processor,9499.0
"OnePlus Nord CE 2 Lite 5G (Blue Tide, 128 GB)
            
            (8 GB RAM)",0.3,8 GB RAM | 128 GB ROM,16.74 cm (6.59 inch) Display,64MP Rear Camera,5000 mAh Battery,21974.0
"realme 10 Pro 5G (Dark Matter, 128 GB)
            
            (6 GB RAM)",0.3,6 GB RAM | 128 GB ROM | Expandable Upto 1 TB,17.07 cm (6.72 inch) Full HD+ Display,108MP + 2MP | 16MP Front Camera,5000 mAh Battery,Qualcomm Snapdragon 695 5G Processor,18999.0
"POCO X5 5G (Supernova Green, 128 GB)
            
            (6 GB RAM)",0.1,6 GB RAM | 128 GB ROM | Expandable Upto 1 TB,16.94 cm (6.67 inch) Full HD+ Display,48MP + 8MP + 2MP | 13MP Front Camera,5000 mAh Battery,Qualcomm Snapdragon 695 Processor,15999.0
"OnePlus Nord CE 2 Lite 5G (Black Dusk, 128 GB)
            
            (6 GB RAM)",0.4,6 GB RAM | 128 GB ROM,16.74 cm (6.59 inch) Display,64MP Rear Camera,5000 mAh Battery,17954.0
"APPLE iPhone 14 (Purple, 128 GB)",0.6,128 GB ROM,15.49 cm (6.1 inch) Super Retina XDR Display,12MP + 12MP | 12MP Front Camera,"A15 Bionic Chip, 6 Core Processor Processor",69999.0
"realme Narzo 30 Pro 5G (Blade Silver, 128 GB)
            
            (8 GB RAM)",0.3,8 GB RAM | 128 GB ROM | Expandable Upto 256 GB,16.51 cm (6.5 inch) Full HD+ Display,48MP + 8MP + 2MP | 16MP Front Camera,5000 mAh Battery,MediaTek Dimensity 800U Processor,15999.0
"POCO M5 (Yellow, 128 GB)
            
            (6 GB RAM)",0.2,6 GB RAM | 128 GB ROM | Expandable Upto 512 GB,16.71 cm (6.58 inch) Full HD+ Display,50MP + 2MP Depth Sensor + 2MP Macro Sensor | 8MP Front Camera,5000 mAh Lithium-ion Polymer Battery,Mediatek Helio G99 Processor,10999.0
"REDMI 10 (Midnight Black, 64 GB)
            
            (4 GB RAM)",0.3,4 GB RAM | 64 GB ROM | Expandable Upto 1 TB,17.02 cm (6.7 inch) HD+ Display,50MP + 2MP | 5MP Front Camera,6000 mAh Lithium Polymer Battery,Qualcomm Snapdragon 680 Processor,9499.0
"realme 10 (Clash White, 128 GB)
            
            (8 GB RAM)",0.3,8 GB RAM | 128 GB ROM | Expandable Upto 1 TB,16.26 cm (6.4 inch) Full HD+ Display,50MP + 2MP | 16MP Front Camera,5000 mAh Battery,Mediatek Helio G99 Octa Core Processor,15499.0
"APPLE iPhone 14 (Midnight, 128 GB)",0.6,128 GB ROM,15.49 cm (6.1 inch) Super Retina XDR Display,12MP + 12MP | 12MP Front Camera,"A15 Bionic Chip, 6 Core Processor Processor",69999.0
"itel MagicX Pro (4G Hotspot)
            
            (Blue)",0.9,64 MB RAM | 128 MB ROM,6.1 cm (2.4 inch) Display,0.3MP Rear Camera,2500 mAh Battery,2365.0
"POCO M4 5G (Yellow, 64 GB)
            
            (4 GB RAM)",0.2,4 GB RAM | 64 GB ROM | Expandable Upto 512 GB,16.71 cm (6.58 inch) Full HD+ Display,50MP + 2MP | 8MP Front Camera,5000 mAh Lithium Ion Polymer Battery,Mediatek Dimensity 700 Processor,11999.0
"realme 10 (Rush Black, 64 GB)
            
            (4 GB RAM)",0.3,4 GB RAM | 64 GB ROM | Expandable Upto 1 TB,16.26 cm (6.4 inch) Full HD+ Display,50MP + 2MP | 16MP Front Camera,5000 mAh Battery,Mediatek Helio G99 Octa Core Processor,12499.0
"SAMSUNG Galaxy F14 5G (OMG Black, 128 GB)
            
            (6 GB RAM)",0.2,6 GB RAM | 128 GB ROM | Expandable Upto 1 TB,16.76 cm (6.6 inch) Full HD+ Display,50MP + 2MP | 13MP Front Camera,6000 mAh Battery,"Exynos 1330, Octa Core Processor",14490.0
"REDMI A1+ (Light Green, 32 GB)
            
            (2 GB RAM)",0.2,2 GB RAM | 32 GB ROM | Expandable Upto 512 GB,16.56 cm (6.52 inch) HD+ Display,8MP Rear Camera | 5MP Front Camera,5000 mAh Lithium Polymer Battery,Mediatek Helio A22 Processor,6299.0
"realme 10 (Clash White, 64 GB)
            
            (4 GB RAM)",0.3,4 GB RAM | 64 GB ROM | Expandable Upto 1 TB,16.26 cm (6.4 inch) Full HD+ Display,50MP + 2MP | 16MP Front Camera,5000 mAh Battery,Mediatek Helio G99 Octa Core Processor,12499.0
"Nokia 105 TA-1459 DS
            
            (Charcoal)",0.1,32 MB RAM | 32 MB ROM,4.5 cm (1.77 inch) QVGA Display,0MP Front Camera,800 mAh Lithium Ion Battery,SC6531E Processor,1449.0
"REDMI A1+ (Black, 32 GB)
            
            (2 GB RAM)",0.2,2 GB RAM | 32 GB ROM | Expandable Upto 512 GB,16.56 cm (6.52 inch) HD+ Display,8MP Rear Camera | 5MP Front Camera,5000 mAh Lithium Polymer Battery,Mediatek Helio A22 Processor,6299.0
"Nokia 105 TA-1473 SS
            
            (Charcoal)",0.2,32 MB RAM | 32 MB ROM,4.5 cm (1.77 inch) QVGA Display,0MP Front Camera,800 mAh Lithium Ion Battery,SC6531E Processor,1299.0
"realme 10 (Rush Black, 128 GB)
            
            (8 GB RAM)",0.3,8 GB RAM | 128 GB ROM | Expandable Upto 1 TB,16.26 cm (6.4 inch) Full HD+ Display,50MP + 2MP | 16MP Front Camera,5000 mAh Battery,Mediatek Helio G99 Octa Core Processor,15499.0
"Infinix HOT 20 5G (Blaster Green, 64 GB)
            
            (4 GB RAM)",0.2,4 GB RAM | 64 GB ROM | Expandable Upto 1 TB,16.76 cm (6.6 inch) Full HD+ Display,50MP + AI Lens | 8MP Front Camera,5000 mAh Li-ion Polymer Battery,Dimensity 810 Processor,11499.0
"Infinix NOTE 12i (Alpine White, 64 GB)
            
            (4 GB RAM)",0.2,4 GB RAM | 64 GB ROM | Expandable Upto 512 GB,17.02 cm (6.7 inch) Full HD+ AMOLED Display,50 MP + 2 MP + QVGA | 8MP Front Camera,5000 mAh Lithium-ion Polymer Battery,Mediatek Helio G85 Processor,9999.0
"POCO M4 5G (Power Black, 128 GB)
            
            (6 GB RAM)",0.2,6 GB RAM | 128 GB ROM | Expandable Upto 512 GB,16.71 cm (6.58 inch) Full HD+ Display,50MP + 2MP | 8MP Front Camera,5000 mAh Lithium Ion Polymer Battery,Mediatek Dimensity 700 Processor,13999.0
"Google Pixel 6a (Chalk, 128 GB)
            
            (6 GB RAM)",0.3,6 GB RAM | 128 GB ROM,15.6 cm (6.14 inch) Full HD+ Display,12.2MP + 12MP | 8MP Front Camera,4410 mAh Battery,Google Tensor Processor,28999.0
"A10E
            
            (Rose Gold)",0.1,4 MB RAM | 32 MB ROM | Expandable Upto 64 GB,4.57 cm (1.8 inch) Display,800 mAh Battery,1399.0
"Google Pixel 6a (Charcoal, 128 GB)
            
            (6 GB RAM)",0.3,6 GB RAM | 128 GB ROM,15.6 cm (6.14 inch) Full HD+ Display,12.2MP + 12MP | 8MP Front Camera,4410 mAh Battery,Google Tensor Processor,28999.0
"A10E
            
            (Rose Gold)",0.1,4 MB RAM | 32 MB ROM | Expandable Upto 64 GB,4.57 cm (1.8 inch) Display,800 mAh Battery,1399.0
"realme Narzo 30 (Racing Silver, 128 GB)
            
            (6 GB RAM)",0.3,6 GB RAM | 128 GB ROM | Expandable Upto 256 GB,16.51 cm (6.5 inch) Full HD+ Display,48MP + 2MP + 2MP | 16MP Front Camera,5000 mAh Battery,MediaTek Helio G95 Processor,30W Charger,12499.0
"APPLE iPhone 14 (Starlight, 128 GB)",0.6,128 GB ROM,15.49 cm (6.1 inch) Super Retina XDR Display,12MP + 12MP | 12MP Front Camera,"A15 Bionic Chip, 6 Core Processor Processor",69999.0
"REDMI Note 12 (Sunrise Gold, 64 GB)
            
            (6 GB RAM)",0.1,6 GB RAM | 64 GB ROM | Expandable Upto 1 TB,16.94 cm (6.67 inch) Full HD+ Super AMOLED Display,50MP + 8MP + 2MP | 13MP Front Camera,5000 mAh Battery,Snapdragon 685 Processor,14999.0
"Infinix NOTE 12i (Metaverse Blue, 64 GB)
            
            (4 GB RAM)",0.2,4 GB RAM | 64 GB ROM | Expandable Upto 512 GB,17.02 cm (6.7 inch) Full HD+ AMOLED Display,50 MP + 2 MP + QVGA | 8MP Front Camera,5000 mAh Lithium-ion Polymer Battery,Mediatek Helio G85 Processor,9999.0
"itel It2171
            
            (Elegant Black)",0.1,32 MB RAM | 32 MB ROM | Expandable Upto 32 GB,4.57 cm (1.8 inch) Quarter QVGA Display,0.3MP Rear Camera,1000 mAh Battery,999.0
"itel It2171
            
            (City Blue)",0.1,32 MB RAM | 32 MB ROM | Expandable Upto 32 GB,4.57 cm (1.8 inch) Quarter QVGA Display,0.3MP Rear Camera,1000 mAh Battery,999.0
"Infinix HOT 20 5G (Space Blue, 64 GB)
            
            (4 GB RAM)",0.2,4 GB RAM | 64 GB ROM | Expandable Upto 1 TB,16.76 cm (6.6 inch) Full HD+ Display,50MP + AI Lens | 8MP Front Camera,5000 mAh Li-ion Polymer Battery,Dimensity 810 Processor,11499.0
"Nokia 150 DS 2020
            
            (Cyan)",0.1,4 MB RAM | 4 MB ROM | Expandable Upto 32 GB,6.1 cm (2.4 inch) Display,0.3MP Rear Camera,1020 mAh Lithium-ion Battery,MediaTek Processor,2775.0
"A10E
            
            (Dark Blue)",0.1,4 MB RAM | 32 MB ROM,4.57 cm (1.8 inch) Display,800 mAh Battery,1299.0
"REDMI Note 12 5G (Mystique Blue, 128 GB)
            
            (6 GB RAM)",0.2,6 GB RAM | 128 GB ROM | Expandable Upto 1 TB,16.94 cm (6.67 inch) Full HD+ Display,48MP + 8MP + 2MP | 13MP Front Camera,5000 mAh Battery,Qualcomm Snapdragon 4 Gen 1 Processor,18999.0
"REDMI 11 Prime (Flashy Black, 128 GB)
            
            (6 GB RAM)",0.2,6 GB RAM | 128 GB ROM | Expandable Upto 512 GB,16.71 cm (6.58 inch) Full HD+ Display,50MP + 2MP + 2MP | 8MP Front Camera,5000 mAh Battery,Helio G99 Processor,11999.0
"SAMSUNG Galaxy M33 5G (Mystique Green, 128 GB)
            
            (6 GB RAM)",0.2,6 GB RAM | 128 GB ROM,16.74 cm (6.59 inch) Display,50MP Rear Camera,6000 mAh Battery,16280.0
"GFive U707
            
            (Black Red)",0.6,32 MB RAM | 32 MB ROM | Expandable Upto 16 GB,4.57 cm (1.8 inch) Display,0.3MP Rear Camera,1000 mAh Battery,749.0
"realme Narzo 30 (Racing Blue, 128 GB)
            
            (6 GB RAM)",0.3,6 GB RAM | 128 GB ROM | Expandable Upto 256 GB,16.51 cm (6.5 inch) Full HD+ Display,48MP + 2MP + 2MP | 16MP Front Camera,5000 mAh Battery,MediaTek Helio G95 Processor,30W Charger,12499.0
"realme GT 2 (Steel Black, 128 GB)
            
            (8 GB RAM)",0.3,8 GB RAM | 128 GB ROM,16.81 cm (6.62 inch) Full HD+ AMOLED Display,50MP + 8MP + 2MP | 16MP Front Camera,5000 mAh Lithium Ion Battery,Qualcomm Snapdragon 888 Processor,23999.0
"Snexian GURU 312
            
            (Black)",0.4,32 MB RAM | 32 MB ROM | Expandable Upto 16 GB,4.57 cm (1.8 inch) Quarter QVGA Display,0.3MP Rear Camera,800 mAh Battery,699.0
"MOTOROLA e40 (Carbon Gray, 64 GB)
            
            (4 GB RAM)",0.2,4 GB RAM | 64 GB ROM | Expandable Upto 1 TB,16.51 cm (6.5 inch) HD+ Display,48MP + 2MP + 2MP | 8MP Front Camera,5000 mAh Battery,UNISOC T700 Processor,8999.0
"REDMI Note 12 5G (Frosted Green, 128 GB)
            
            (6 GB RAM)",0.2,6 GB RAM | 128 GB ROM | Expandable Upto 1 TB,16.94 cm (6.67 inch) Full HD+ Display,48MP + 8MP + 2MP | 13MP Front Camera,5000 mAh Battery,Qualcomm Snapdragon 4 Gen 1 Processor,18999.0
"Kechaoda K66 The Music House 4
            
            (Black)",0.9,32 MB RAM | 64 MB ROM,4.57 cm (1.8 inch) Quarter QVGA Display,1.3MP Rear Camera,400 mAh Battery,1250.0
"GFive U707
            
            (Blue & Red)",0.6,32 MB RAM | 64 MB ROM | Expandable Upto 16 GB,4.57 cm (1.8 inch) Display,0.3MP Rear Camera,950 mAh Battery,749.0
"REDMI Note 12 5G (Matte Black, 128 GB)
            
            (6 GB RAM)",0.2,6 GB RAM | 128 GB ROM | Expandable Upto 1 TB,16.94 cm (6.67 inch) Full HD+ Display,48MP + 8MP + 2MP | 13MP Front Camera,5000 mAh Battery,Qualcomm Snapdragon 4 Gen 1 Processor,18999.0
"GFive U707
            
            (Blue & Red)",0.6,32 MB RAM | 64 MB ROM | Expandable Upto 16 GB,4.57 cm (1.8 inch) Display,0.3MP Rear Camera,950 mAh Battery,749.0
"Kechaoda K66 The Music House 4
            
            (Black)",0.9,32 MB RAM | 64 MB ROM,4.57 cm (1.8 inch) Quarter QVGA Display,1.3MP Rear Camera,400 mAh Battery,1250.0
"SAMSUNG Galaxy M04 (Dark Blue, 64 GB)
            
            (4 GB RAM)",0.1,4 GB RAM | 64 GB ROM | Expandable Upto 1 TB,16.51 cm (6.5 inch) HD+ Display,13MP + 2MP | 5MP Front Camera,5000 mAh Battery,MediaTek Helio P35 Processor,7989.0
"MOTOROLA e40 (Carbon Gray, 64 GB)
            
            (4 GB RAM)",0.2,4 GB RAM | 64 GB ROM | Expandable Upto 1 TB,16.51 cm (6.5 inch) HD+ Display,48MP + 2MP + 2MP | 8MP Front Camera,5000 mAh Battery,UNISOC T700 Processor,8999.0
"Nokia 105 ss
            
            (Black)",0.3,4 MB RAM | 4 MB ROM,4.57 cm (1.8 inch) Quarter QVGA Display,800 mAh Battery,1549.0
"Snexian GURU 312
            
            (Blue)",0.4,32 MB RAM | 32 MB ROM | Expandable Upto 16 GB,4.57 cm (1.8 inch) Quarter QVGA Display,0.3MP Rear Camera,800 mAh Battery,699.0
"SAMSUNG Galaxy M33 5G (Deep Ocean Blue, 128 GB)
            
            (8 GB RAM)",0.2,8 GB RAM | 128 GB ROM,16.76 cm (6.6 inch) Display,50MP Rear Camera,6000 mAh Battery,17700.0
"Nokia TA-1304/105 SS
            
            (Black)",0.2,4 MB RAM | 4 MB ROM,4.5 cm (1.77 inch) Display,800 mAh Battery,1450.0
"Micromax X412
            
            (Black&Red)",0.9,32 MB RAM | 32 MB ROM,4.5 cm (1.77 inch) Display,800 mAh Battery,914.0
"Micromax X412
            
            (Blue)",0.9,32 MB RAM | 32 MB ROM,4.5 cm (1.77 inch) Display,800 mAh Battery,914.0
"Nokia 150 TA-1235 DS
            
            (Black)",0.1,4 MB RAM | 4 MB ROM | Expandable Upto 32 GB,6.1 cm (2.4 inch) Display,0.3MP Rear Camera,1020 mAh Lithium-ion Battery,MediaTek Processor,2615.0
"I Kall K29
            
            (Wine Red)",0.8,32 MB RAM | 32 MB ROM,4.5 cm (1.77 inch) Display,0.3MP Rear Camera,2500 mAh Battery,906.0
"REDMI 11 Prime (Flashy Black, 128 GB)
            
            (6 GB RAM)",0.2,6 GB RAM | 128 GB ROM | Expandable Upto 512 GB,16.71 cm (6.58 inch) Full HD+ Display,50MP + 2MP + 2MP | 8MP Front Camera,5000 mAh Battery,Helio G99 Processor,11999.0
"POCO X5 5G (Jaguar Black, 256 GB)
            
            (8 GB RAM)",0.1,8 GB RAM | 256 GB ROM | Expandable Upto 1 TB,16.94 cm (6.67 inch) Full HD+ Display,48MP + 8MP + 2MP | 13MP Front Camera,5000 mAh Battery,Qualcomm Snapdragon 695 Processor,17999.0
"LAVA A3
            
            (DARK BLUE GREY DS PA)",0.2,4 MB RAM | 3 MB ROM | Expandable Upto 32 GB,4.5 cm (1.77 inch) Display,0.3MP Rear Camera | 0.3MP Front Camera,1750 mAh Battery,1275.0
"Nokia 105 SS 2021
            
            (Black)",0.2,4 MB RAM | 4 MB ROM,4.5 cm (1.77 inch) Quarter QVGA Display,800 mAh Lithium Ion Battery,1449.0
"Kechaoda A26
            
            (Silver)",0.1,32 MB RAM | 32 MB ROM | Expandable Upto 16 GB,1.68 cm (0.66 inch) Display,800 mAh Battery,1049.0
"realme 10 (Clash White, 128 GB)
            
            (8 GB RAM)",0.3,8 GB RAM | 128 GB ROM | Expandable Upto 1 TB,16.26 cm (6.4 inch) Full HD+ Display,50MP + 2MP | 16MP Front Camera,5000 mAh Battery,Mediatek Helio G99 Octa Core Processor,15499.0
"Nokia 105 SS
            
            (Blue)",0.2,32 MB RAM | 32 MB ROM,4.5 cm (1.77 inch) QVGA Display,0MP Front Camera,800 mAh Lithium Ion Battery,SC6531E Processor,1599.0
"GFive L228
            
            (Golden)",0.4,32 MB RAM | 32 MB ROM | Expandable Upto 16 GB,7.11 cm (2.8 inch) Display,0.3MP Rear Camera,3000 mAh Battery,1099.0
"Micromax X512
            
            (Blue)",0.1,30 MB RAM | 24 MB ROM,4.5 cm (1.77 inch) Display,1750 mAh Battery,1109.0
"LAVA 34 Ultra
            
            (Teal Blue)",0.1,24 MB RAM | 32 MB ROM | Expandable Upto 64 GB,6.1 cm (2.4 inch) Display,0.8MP Rear Camera,2575 mAh Li-ion Battery,1629.0
"REDMI Note 12 (Lunar Black, 64 GB)
            
            (6 GB RAM)",0.1,6 GB RAM | 64 GB ROM | Expandable Upto 1 TB,16.94 cm (6.67 inch) Full HD+ Super AMOLED Display,50MP + 8MP + 2MP | 13MP Front Camera,5000 mAh Battery,Snapdragon 685 Processor,14999.0
"SAMSUNG Guru Music 2 SM-B315E
            
            (Black)",0.2,Expandable Upto 16 GB,5.08 cm (2 inch) QVGA Display,0MP Front Camera,800 mAh Battery,0 0 0 208MHz Processor,2490.0
"Nokia 105 SS
            
            (Blue)",0.2,32 MB RAM | 32 MB ROM,4.5 cm (1.77 inch) QVGA Display,0MP Front Camera,800 mAh Lithium Ion Battery,SC6531E Processor,1599.0
"Nokia TA-1174 / TA-1299
            
            (Black)",0.2,4 MB RAM | 4 MB ROM,4.57 cm (1.8 inch) Display,800 mAh Battery,1560.0
"LAVA Hero 600i
            
            (Green)",0.1,4 MB RAM | 3 MB ROM | Expandable Upto 32 GB,4.57 cm (1.8 inch) Display,620 mAh Battery,899.0
"REDMI K50i 5G (Stealth Black, 256 GB)
            
            (8 GB RAM)",0.2,8 GB RAM | 256 GB ROM,16.76 cm (6.6 inch) Full HD+ Display,64MP + 8MP + 2MP | 16MP Front Camera,5080 mAh Battery,Dimensity 8100 Processor,23999.0
"Kechaoda A26
            
            (Pink)",0.1,32 MB RAM | 32 MB ROM | Expandable Upto 16 GB,1.68 cm (0.66 inch) Display,800 mAh Battery,1049.0
"LAVA Hero 600i
            
            (Sapphire Blue)",0.1,4 MB RAM | 3 MB ROM | Expandable Upto 32 GB,4.57 cm (1.8 inch) Display,620 mAh Battery,899.0
"Infinix Smart 6 HD (Aqua Sky, 32 GB)
            
            (2 GB RAM)",0.3,2 GB RAM | 32 GB ROM | Expandable Upto 512 GB,16.76 cm (6.6 inch) HD+ Display,8MP Rear Camera | 5MP Front Camera,5000 mAh Lithium-ion Polymer Battery,Mediatek Helio A22 Processor,5999.0
"LAVA A3 Power
            
            (Blue)",0.1,0 GB ROM | Expandable Upto 32 GB,4.5 cm (1.77 inch) Quarter QVGA Display,0.3MP Rear Camera,2575 mAh Li-ion Battery,1339.0
"Infinix Smart 6 HD (Force Black, 32 GB)
            
            (2 GB RAM)",0.3,2 GB RAM | 32 GB ROM | Expandable Upto 512 GB,16.76 cm (6.6 inch) HD+ Display,8MP Rear Camera | 5MP Front Camera,5000 mAh Lithium-ion Polymer Battery,Mediatek Helio A22 Processor,5999.0
"Infinix Smart 6 HD (Origin Blue, 32 GB)
            
            (2 GB RAM)",0.3,2 GB RAM | 32 GB ROM | Expandable Upto 512 GB,16.76 cm (6.6 inch) HD+ Display,8MP Rear Camera | 5MP Front Camera,5000 mAh Lithium-ion Polymer Battery,Mediatek Helio A22 Processor,5999.0
"SAMSUNG Galaxy F23 5G (Forest Green, 128 GB)
            
            (6 GB RAM)",0.3,6 GB RAM | 128 GB ROM | Expandable Upto 1 TB,16.76 cm (6.6 inch) Full HD+ Display,50MP + 8MP + 2MP | 8MP Front Camera,5000 mAh Lithium Ion Battery,Qualcomm Snapdragon 750G Processor,16999.0
"REDMI Note 12 (Ice Blue, 64 GB)
            
            (6 GB RAM)",0.1,6 GB RAM | 64 GB ROM | Expandable Upto 1 TB,16.94 cm (6.67 inch) Full HD+ Super AMOLED Display,50MP + 8MP + 2MP | 13MP Front Camera,5000 mAh Battery,Snapdragon 685 Processor,14999.0
"SAMSUNG Galaxy F23 5G (Copper Blush, 128 GB)
            
            (6 GB RAM)",0.3,6 GB RAM | 128 GB ROM | Expandable Upto 1 TB,16.76 cm (6.6 inch) Full HD+ Display,50MP + 8MP + 2MP | 8MP Front Camera,5000 mAh Lithium Ion Battery,Qualcomm Snapdragon 750G Processor,16999.0
"realme C33 2023 (Night Sea, 64 GB)
            
            (4 GB RAM)",0.4,4 GB RAM | 64 GB ROM | Expandable Upto 1 TB,16.51 cm (6.5 inch) HD+ Display,50MP + 0.3MP | 5MP Front Camera,5000 mAh Lithium Ion Battery,Unisoc T612 Processor,9999.0
"realme C33 2023 (Aqua Blue, 64 GB)
            
            (4 GB RAM)",0.4,4 GB RAM | 64 GB ROM | Expandable Upto 1 TB,16.51 cm (6.5 inch) HD+ Display,50MP + 0.3MP | 5MP Front Camera,5000 mAh Lithium Ion Battery,Unisoc T612 Processor,9999.0
"GFive U220+
            
            (Black & Grey)",0.6,32 MB RAM | 32 MB ROM,4.57 cm (1.8 inch) Display,0.3MP Rear Camera,1000 mAh Battery,725.0
"realme C33 2023 (Sandy Gold, 64 GB)
            
            (4 GB RAM)",0.4,4 GB RAM | 64 GB ROM | Expandable Upto 1 TB,16.51 cm (6.5 inch) HD+ Display,50MP + 0.3MP | 5MP Front Camera,5000 mAh Lithium Ion Battery,Unisoc T612 Processor,9999.0
"Jmax J30
            
            (Blue)",0.5,32 MB RAM | 32 MB ROM,4.57 cm (1.8 inch) Display,2MP Rear Camera,1050 mAh Battery,699.0
"POCO X5 5G (Wildcat Blue, 256 GB)
            
            (8 GB RAM)",0.1,8 GB RAM | 256 GB ROM | Expandable Upto 1 TB,16.94 cm (6.67 inch) Full HD+ Display,48MP + 8MP + 2MP | 13MP Front Camera,5000 mAh Battery,Qualcomm Snapdragon 695 Processor,17999.0
"POCO M3 Pro 5G (Yellow, 128 GB)
            
            (6 GB RAM)",0.2,6 GB RAM | 128 GB ROM | Expandable Upto 1 TB,16.51 cm (6.5 inch) Full HD+ Display,48MP + 2MP + 2MP | 8MP Front Camera,5000 mAh Lithium-ion Polymer Battery,MediaTek Dimensity 700 Processor,Multiple Hands-free Voice Assistant,14499.0
"POCO X5 Pro 5G (Horizon Blue, 256 GB)
            
            (8 GB RAM)",0.3,8 GB RAM | 256 GB ROM,16.94 cm (6.67 inch) Full HD+ Display,108MP + 8MP + 2MP | 16MP Front Camera,5000 mAh Battery,Qualcomm Snapdragon 778G Processor,23999.0
